100,mahmud
101,ida
102,bryna
103,fran
104,cordula
105,enriqueta
106,kessiah
107,arabella
108,cole
109,elfrida
110,verge
111,justis
112,gerladina
113,brandie
114,taber
115,danica
116,melloney
117,cliff
118,laos
119,veriee
120,vodka
121,dedie
122,linda
123,simon
124,taite
125,tray
126,sallee
127,xerinae
128,ulrica
129,perch
130,marcello
131,iguana
132,gretal
133,edsel
134,daniella
135,sephira
136,sanders
137,catina
138,charleton
139,ardith
140,jimbo
141,wesley
142,zared
143,skyler
144,wren
145,reta
146,gerri
147,bengt
148,heathcliff
149,nonnah
200,anny
201,tadeas
202,witold
203,charmain
204,jellyfish
205,sharline
206,esau
207,charline
208,nataline
209,easter
210,lewis
211,raymund
212,eldon
213,chevalier
214,lemming
215,glynnis
216,cynthie
217,plaza
218,audie
219,cindelyn
220,cristionna
221,boar
222,derron
223,ravi
224,allie
225,caulk
226,micheal
227,edgar
228,fairfax
229,magnus
230,maxwell
231,brasilia
232,kerrill
233,alvira
234,flo
235,adelina
236,focal
237,candida
238,juliette
239,urbano
240,anton
241,federica
242,ellene
243,anteater
244,adara
245,truss
246,tiphani
247,rube
248,yak
249,chicken
300,morlee
301,ennui
302,gabbey
303,eagle
304,maire
305,scarlett
306,kizzee
307,bernita
308,marna
309,jaime
310,welbie
311,madeleine
312,photo
313,ivonne
314,roseanna
315,kourtney
316,arleen
317,tannie
318,amargo
319,aubert
320,carrissa
321,katha
322,anissa
323,hedwig
324,totem
325,flock
326,storey
327,joline
328,lockwood
329,yacht
330,patrica
331,aub
332,ambrosia
333,clair
334,debby
335,henka
336,jeanna
337,bary
338,waneta
339,silvain
340,andrei
341,morgen
342,dorolice
343,patin
344,shrub
345,ariela
346,winton
347,christalle
348,modestia
349,plate
400,lib
401,georgiana
402,haily
403,walrus
404,siouxie
405,eveline
406,corissa
407,myra
408,estrellita
409,bartolomeo
410,sayres
411,muskox
412,dorette
413,nilson
414,harmonia
415,clifford
416,salman
417,anselm
418,winfred
419,melissa
420,velma
421,josselyn
422,vivi
423,warsaw
424,terry
425,veronica
426,alwin
427,risa
428,alpha
429,wash
430,lois
431,estella
432,eugen
433,reggis
434,rickard
435,les
436,ranee
437,cristi
438,almeria
439,rebeca
440,kasey
441,frankie
442,zak
443,marlowe
444,laurel
445,morris
446,berget
447,lynnell
448,sonya
449,ritchie
500,midge
501,warner
502,lauree
503,lily
504,beatriz
505,tadd
506,roderich
507,malynda
508,tunis
509,duke
510,guatemala
511,utter
512,isabella
513,maddi
514,chaim
515,billi
516,magdalene
517,lelah
518,apostolos
519,sherwood
520,danna
521,sile
522,gerrit
523,corenda
524,benjamin
525,fonsie
526,nela
527,huntley
528,celestyna
529,rey
530,corrine
531,clean
532,onion
533,lesley
534,monty
535,rodrique
536,upton
537,ketty
538,pooh
539,linnea
540,sherie
541,paulette
542,masha
543,simonne
544,flask
545,inci
546,flick
547,clarine
548,jacquelin
549,mariette
600,bobette
601,ursola
602,felice
603,bernice
604,nate
605,ilona
606,meara
607,ought
608,stage
609,joice
610,elias
611,hatch
612,alain
613,nita
614,rogue
615,codee
616,claudetta
617,roosevelt
618,yield
619,lin
620,jilli
621,mince
622,marlie
623,starla
624,rollo
625,robenia
626,emmeline
627,joanie
628,sorcha
629,alberto
630,dante
631,christiana
632,magdaia
633,cheslie
634,walt
635,peirce
636,isa
637,uzbekistan
638,anna-maria
639,yaakov
640,alexina
641,bryn
642,ephram
643,merle
644,carolin
645,georgy
646,terese
647,ashlen
648,marys
649,sidonnie
700,bridie
701,fraser
702,trice
703,mitchael
704,olly
705,yalonda
706,romonda
707,hassan
708,emmey
709,bear
710,jocelin
711,ardeen
712,broke
713,friedric
714,fern
715,mathew
716,whippet
717,archy
718,agnese
719,hedda
720,philippa
721,laurice
722,hakeem
723,annalyse
724,ruddie
725,katrine
726,kory
727,anabel
728,adnan
729,janella
730,dorrie
731,finland
732,moth
733,welsh
734,mikey
735,wallie
736,grimy
737,agneta
738,erina
739,florie
740,louis
741,maura
742,avery
743,gertruda
744,teresa
745,rianon
746,roda
747,meg
748,kinna
749,itchy
800,silverfish
801,swift
802,kevan
803,evonne
804,charla
805,brigida
806,polar bear
807,gussi
808,junia
809,darrick
810,paulina
811,ximenez
812,pacifica
813,shira
814,glenda
815,zorine
816,lynnet
817,gregorio
818,hewitt
819,fayina
820,yolanda
821,wedge
822,mada
823,mimic
824,frank
825,tanner
826,andrew
827,cammi
828,egbert
829,susann
830,baker
831,esmaria
832,danelle
833,romeo
834,kati
835,neville
836,emlynne
837,ethan
838,esme
839,lebbie
840,woochang
841,termite
842,angelia
843,slosh
844,charlena
845,milka
846,shard
847,sarena
848,lorenzo
849,cristabel
900,growl
901,lambert
902,clemente
903,rhody
904,jaguar
905,cleva
906,cornellis
907,martainn
908,loser
909,aurilia
910,monte
911,gert
912,craig
913,cariotta
914,azure
915,munmro
916,lemmie
917,olympe
918,montgomery
919,elnora
920,saudra
921,greta
922,ninon
923,human
924,stead
925,starlene
926,wojciech
927,dania
928,jacynth
929,morty
930,thornton
931,annamaria
932,terrie
933,chiarra
934,charlie
935,windhoek
936,deloria
937,chase
938,lea
939,constancy
940,norris
941,trenton
942,ruella
943,pinchas
944,farand
945,adrea
946,alecia
947,brush
948,kathrine
949,adore
1000,walton
1001,townie
1002,leontine
1003,salvidor
1004,carp
1005,fey
1006,casandra
1007,audrey
1008,vicki
1009,odin
1010,suzzy
1011,guano
1012,bridget
1013,lulita
1014,garold
1015,susy
1016,xenia
1017,ave
1018,gerrilee
1019,sanford
1020,mexico
1021,guenna
1022,lawton
1023,melly
1024,dinny
1025,bea
1026,marlane
1027,brice
1028,tanya
1029,tan
1030,veronique
1031,cacilia
1032,dotti
1033,gratia
1034,quail
1035,trudie
1036,hugh
1037,stefa
1038,berti
1039,twice
1040,orrin
1041,corliss
1042,betti
1043,thacher
1044,tara
1045,tasty
1046,gloom
1047,vanda
1048,wooer
1049,colly
1100,alfonzo
1101,jolene
1102,josee
1103,alejandra
1104,alvinia
1105,ahmed
1106,valina
1107,mayer
1108,lorrie
1109,bernardine
1110,naval
1111,mali
1112,win
1113,onida
1114,laurella
1115,moises
1116,rosana
1117,margy
1118,ram
1119,elissa
1120,catarina
1121,sheeree
1122,golda
1123,fay
1124,donnie
1125,durant
1126,lia
1127,minna
1128,cortese
1129,merralee
1130,luther
1131,noble
1132,lonna
1133,cuba
1134,gillie
1135,zeb
1136,zoe
1137,await
1138,tailor
1139,rachel
1140,tim
1141,vonny
1142,lola
1143,aldis
1144,patti
1145,melisandra
1146,sonni
1147,teressa
1148,shirlee
1149,connie
1200,nadia
1201,dacie
1202,betteanne
1203,cesya
1204,geoffrey
1205,dove
1206,deerdre
1207,vail
1208,belinda
1209,mongolia
1210,daisi
1211,clio
1212,right
1213,evania
1214,dudley
1215,daile
1216,marcel
1217,gabrila
1218,barty
1219,izzi
1220,llama
1221,fixer
1222,clem
1223,jacquelyn
1224,doria
1225,englebert
1226,skopje
1227,bealle
1228,lindie
1229,lemmy
1230,nedi
1231,charmion
1232,beefy
1233,darla
1234,tonya
1235,genia
1236,henrique
1237,emyle
1238,homer
1239,smelt
1240,aubry
1241,gustav
1242,valera
1243,golem
1244,agamemnon
1245,lenette
1246,teodora
1247,petrina
1248,felipa
1249,hagan
